fecha,timestamp,R:ea,R:er,S:ea,S:er,T:ea,T:er
2023/05/16 00:20:00,1684207200,54.14,0.88,42.55,0.84,31.63,2.14
2023/05/16 00:25:01,1684207501,54.15,0.88,42.56,0.84,31.63,2.14
2023/05/16 00:30:00,1684207800,54.15,0.88,42.58,0.83,31.63,2.14
2023/05/16 00:35:01,1684208101,54.15,0.88,42.59,0.83,31.64,2.14
2023/05/16 00:40:00,1684208400,54.16,0.88,42.6,0.83,31.64,2.14
2023/05/16 00:45:01,1684208701,54.16,0.88,42.61,0.83,31.65,2.14
2023/05/16 00:50:00,1684209000,54.16,0.88,42.62,0.83,31.65,2.14
2023/05/16 00:55:01,1684209301,54.17,0.88,42.63,0.83,31.65,2.14
2023/05/16 01:00:00,1684209600,54.17,0.88,42.64,0.83,31.66,2.14
2023/05/16 01:05:01,1684209901,54.17,0.88,42.65,0.83,31.66,2.14
2023/05/16 01:10:00,1684210200,54.18,0.88,42.67,0.82,31.66,2.13
2023/05/16 01:15:01,1684210501,54.18,0.89,42.68,0.82,31.67,2.13
2023/05/16 01:20:01,1684210801,54.18,0.89,42.69,0.82,31.67,2.13
2023/05/16 01:25:00,1684211100,54.19,0.89,42.7,0.82,31.67,2.13
2023/05/16 01:30:01,1684211401,54.19,0.89,42.71,0.82,31.68,2.13
2023/05/16 01:35:00,1684211700,54.19,0.89,42.72,0.82,31.68,2.13
2023/05/16 01:40:00,1684212000,54.2,0.89,42.73,0.82,31.68,2.13
2023/05/16 01:45:01,1684212301,54.2,0.89,42.74,0.82,31.69,2.13
2023/05/16 01:50:00,1684212600,54.2,0.89,42.75,0.82,31.69,2.13
2023/05/16 01:55:01,1684212901,54.21,0.89,42.77,0.81,31.7,2.13
2023/05/16 02:00:00,1684213200,54.21,0.89,42.78,0.81,31.7,2.12
2023/05/16 02:05:01,1684213501,54.21,0.89,42.79,0.81,31.7,2.12
2023/05/16 02:10:00,1684213800,54.22,0.89,42.8,0.81,31.71,2.12
2023/05/16 02:15:01,1684214101,54.22,0.89,42.81,0.81,31.71,2.12
2023/05/16 02:20:00,1684214400,54.22,0.89,42.82,0.81,31.71,2.12
2023/05/16 02:25:01,1684214701,54.23,0.89,42.83,0.81,31.72,2.12
2023/05/16 02:30:00,1684215000,54.23,0.89,42.84,0.81,31.72,2.12
2023/05/16 02:35:00,1684215300,54.23,0.89,42.85,0.81,31.72,2.12
2023/05/16 02:40:00,1684215600,54.24,0.89,42.87,0.8,31.73,2.12
2023/05/16 02:45:00,1684215900,54.24,0.89,42.88,0.8,31.73,2.12
2023/05/16 02:50:01,1684216201,54.25,0.89,42.89,0.8,31.74,2.11
2023/05/16 02:55:01,1684216501,54.25,0.89,42.9,0.8,31.74,2.11
2023/05/16 03:00:00,1684216800,54.25,0.89,42.91,0.8,31.74,2.11
2023/05/16 03:05:00,1684217100,54.26,0.89,42.92,0.8,31.75,2.11
2023/05/16 03:10:00,1684217400,54.26,0.89,42.93,0.8,31.75,2.11
2023/05/16 03:15:01,1684217701,54.26,0.89,42.94,0.8,31.75,2.11
2023/05/16 03:20:00,1684218000,54.27,0.89,42.96,0.8,31.76,2.11
2023/05/16 03:25:00,1684218300,54.27,0.89,42.97,0.79,31.76,2.11
2023/05/16 03:30:00,1684218600,54.27,0.89,42.98,0.79,31.76,2.11
2023/05/16 03:35:01,1684218901,54.28,0.89,42.99,0.79,31.77,2.11
2023/05/16 03:40:01,1684219201,54.28,0.89,43.0,0.79,31.77,2.11
2023/05/16 03:45:00,1684219500,54.28,0.9,43.01,0.79,31.78,2.1
2023/05/16 03:50:00,1684219800,54.29,0.9,43.02,0.79,31.78,2.1
2023/05/16 03:55:00,1684220100,54.29,0.9,43.03,0.79,31.78,2.1
2023/05/16 04:00:01,1684220401,54.29,0.9,43.05,0.79,31.79,2.1
2023/05/16 04:05:00,1684220700,54.3,0.9,43.06,0.79,31.79,2.1
2023/05/16 04:10:01,1684221001,54.3,0.9,43.07,0.78,31.79,2.1
2023/05/16 04:15:00,1684221300,54.3,0.9,43.08,0.78,31.8,2.1
2023/05/16 04:20:00,1684221600,54.31,0.9,43.09,0.78,31.8,2.1
2023/05/16 04:25:01,1684221901,54.31,0.9,43.1,0.78,31.8,2.1
2023/05/16 04:30:01,1684222201,54.31,0.9,43.11,0.78,31.81,2.1
2023/05/16 04:35:00,1684222500,54.32,0.9,43.12,0.78,31.81,2.09
2023/05/16 04:40:00,1684222800,54.32,0.9,43.13,0.78,31.82,2.09
2023/05/16 04:45:00,1684223100,54.32,0.9,43.15,0.78,31.82,2.09
2023/05/16 04:50:01,1684223401,54.33,0.9,43.16,0.78,31.82,2.09
2023/05/16 04:55:00,1684223700,54.33,0.9,43.17,0.77,31.83,2.09
2023/05/16 05:00:01,1684224001,54.34,0.9,43.18,0.77,31.83,2.09
2023/05/16 05:05:00,1684224300,54.34,0.9,43.19,0.77,31.83,2.09
2023/05/16 05:10:01,1684224601,54.34,0.9,43.2,0.77,31.84,2.09
2023/05/16 05:15:00,1684224900,54.35,0.9,43.21,0.77,31.84,2.09
2023/05/16 05:20:01,1684225201,54.35,0.9,43.22,0.77,31.84,2.09
2023/05/16 05:25:00,1684225500,54.35,0.9,43.24,0.77,31.85,2.08
2023/05/16 05:30:01,1684225801,54.36,0.9,43.25,0.77,31.85,2.08
2023/05/16 05:35:00,1684226100,54.36,0.9,43.26,0.77,31.85,2.08
2023/05/16 05:40:01,1684226401,54.36,0.9,43.27,0.77,31.86,2.08
2023/05/16 05:45:00,1684226700,54.37,0.9,43.28,0.76,31.86,2.08
2023/05/16 05:50:00,1684227000,54.37,0.9,43.29,0.76,31.87,2.08
2023/05/16 05:55:01,1684227301,54.37,0.9,43.3,0.76,31.87,2.08
2023/05/16 06:00:00,1684227600,54.38,0.9,43.31,0.76,31.87,2.08
2023/05/16 06:05:00,1684227900,54.38,0.9,43.33,0.76,31.88,2.08
2023/05/16 06:10:01,1684228201,54.38,0.9,43.34,0.76,31.88,2.08
2023/05/16 06:15:00,1684228500,54.39,0.91,43.35,0.76,31.88,2.07
2023/05/16 06:20:01,1684228801,54.39,0.91,43.36,0.76,31.89,2.07
2023/05/16 06:25:00,1684229100,54.39,0.91,43.37,0.76,31.89,2.07
2023/05/16 06:30:01,1684229401,54.4,0.91,43.38,0.76,31.89,2.07
2023/05/16 06:35:00,1684229700,54.4,0.91,43.39,0.76,31.9,2.07
2023/05/16 06:40:00,1684230000,54.41,0.91,43.4,0.76,31.9,2.07
2023/05/16 06:45:01,1684230301,54.41,0.91,43.41,0.76,31.9,2.07
2023/05/16 06:50:00,1684230600,54.41,0.91,43.43,0.76,31.9,2.07
2023/05/16 06:55:01,1684230901,54.42,0.91,43.44,0.75,31.91,2.06
2023/05/16 07:00:00,1684231200,54.42,0.91,43.45,0.75,31.91,2.06
2023/05/16 07:05:01,1684231501,54.43,0.91,43.46,0.75,31.92,2.06
2023/05/16 07:10:00,1684231800,54.43,0.91,43.47,0.75,31.92,2.06
2023/05/16 07:15:01,1684232101,54.43,0.91,43.48,0.75,31.92,2.06
2023/05/16 07:20:00,1684232400,54.44,0.91,43.49,0.75,31.93,2.06
2023/05/16 07:25:00,1684232700,54.44,0.91,43.5,0.75,31.93,2.06
2023/05/16 07:30:01,1684233001,54.44,0.91,43.52,0.75,31.93,2.06
2023/05/16 07:35:00,1684233300,54.45,0.91,43.53,0.75,31.94,2.06
2023/05/16 07:40:00,1684233600,54.45,0.91,43.54,0.75,31.94,2.05
2023/05/16 07:45:01,1684233901,54.46,0.91,43.55,0.75,31.94,2.05
2023/05/16 07:50:00,1684234200,54.46,0.91,43.56,0.75,31.94,2.05
2023/05/16 07:55:00,1684234500,54.46,0.91,43.57,0.75,31.95,2.05
2023/05/16 08:00:01,1684234801,54.47,0.91,43.58,0.75,31.95,2.05
2023/05/16 08:05:00,1684235100,54.47,0.91,43.59,0.74,31.96,2.05
2023/05/16 08:10:01,1684235401,54.47,0.91,43.6,0.74,31.96,2.05
2023/05/16 08:15:00,1684235700,54.48,0.91,43.62,0.74,31.96,2.05
2023/05/16 08:20:01,1684236001,54.48,0.91,43.63,0.74,31.97,2.05
2023/05/16 08:25:00,1684236300,54.48,0.91,43.64,0.74,31.97,2.05
2023/05/16 08:30:00,1684236600,54.49,0.91,43.65,0.74,31.97,2.04
2023/05/16 08:35:00,1684236900,54.49,0.91,43.66,0.74,31.98,2.04
2023/05/16 08:40:00,1684237200,54.5,0.91,43.67,0.74,31.98,2.04
2023/05/16 08:45:00,1684237500,54.5,0.91,43.68,0.74,31.98,2.04
2023/05/16 08:50:01,1684237801,54.5,0.91,43.69,0.74,31.98,2.04
2023/05/16 08:55:00,1684238100,54.51,0.91,43.7,0.74,31.99,2.04
2023/05/16 09:00:01,1684238401,54.51,0.91,43.72,0.74,31.99,2.03
2023/05/16 09:05:00,1684238700,54.52,0.91,43.73,0.74,31.99,2.03
2023/05/16 09:10:01,1684239001,54.52,0.91,43.74,0.74,31.99,2.03
2023/05/16 09:15:00,1684239300,54.53,0.91,43.75,0.74,32.0,2.03
2023/05/16 09:20:01,1684239601,54.55,0.91,43.78,0.74,32.01,2.03
2023/05/16 09:25:00,1684239900,54.56,0.91,43.8,0.74,32.02,2.03
2023/05/16 09:30:00,1684240200,54.58,0.91,43.82,0.75,32.03,2.03
2023/05/16 09:35:00,1684240500,54.59,0.91,43.84,0.75,32.03,2.03
2023/05/16 09:40:01,1684240801,54.6,0.91,43.86,0.75,32.04,2.03
2023/05/16 09:45:00,1684241100,54.6,0.91,43.87,0.75,32.04,2.03
2023/05/16 09:50:01,1684241401,54.64,0.91,43.91,0.76,32.07,2.03
2023/05/16 09:55:00,1684241700,54.84,0.92,44.13,0.79,32.27,2.05
2023/05/16 10:00:01,1684242001,55.0,0.94,44.29,0.81,32.42,2.07
2023/05/16 10:05:00,1684242300,55.14,0.96,44.44,0.83,32.56,2.09
2023/05/16 10:10:00,1684242600,55.29,0.98,44.6,0.86,32.71,2.12
2023/05/16 10:15:01,1684242901,55.46,1.0,44.77,0.88,32.87,2.14
2023/05/16 10:20:00,1684243200,55.62,1.02,44.94,0.91,33.03,2.17
2023/05/16 10:25:01,1684243501,55.78,1.04,45.11,0.93,33.18,2.19
2023/05/16 10:30:00,1684243800,55.94,1.06,45.28,0.96,33.33,2.21
2023/05/16 10:35:00,1684244100,56.1,1.08,45.44,0.99,33.49,2.23
2023/05/16 10:40:01,1684244401,56.28,1.11,45.62,1.01,33.66,2.25
2023/05/16 10:45:00,1684244700,56.44,1.13,45.78,1.04,33.82,2.27
2023/05/16 10:50:01,1684245001,56.59,1.15,45.94,1.07,33.97,2.3
2023/05/16 10:55:01,1684245301,56.77,1.18,46.11,1.09,34.13,2.32
2023/05/16 11:00:00,1684245600,56.93,1.2,46.28,1.12,34.29,2.34
2023/05/16 11:05:01,1684245901,57.09,1.22,46.45,1.14,34.45,2.36
2023/05/16 11:10:00,1684246200,57.25,1.24,46.62,1.17,34.6,2.39
2023/05/16 11:15:01,1684246501,57.41,1.26,46.79,1.2,34.76,2.41
2023/05/16 11:20:00,1684246800,57.58,1.28,46.95,1.22,34.92,2.44
2023/05/16 11:25:01,1684247101,57.72,1.31,47.1,1.25,35.05,2.46
2023/05/16 11:30:00,1684247400,57.85,1.33,47.24,1.27,35.19,2.48
2023/05/16 11:35:00,1684247700,57.99,1.35,47.39,1.29,35.32,2.5
2023/05/16 11:40:01,1684248001,58.13,1.37,47.53,1.32,35.46,2.52
2023/05/16 11:45:00,1684248300,58.26,1.39,47.67,1.34,35.58,2.54
2023/05/16 11:50:01,1684248601,58.4,1.41,47.81,1.36,35.72,2.56
2023/05/16 11:55:00,1684248900,58.54,1.43,47.95,1.39,35.85,2.59
2023/05/16 12:00:01,1684249201,58.67,1.45,48.09,1.41,35.98,2.61
2023/05/16 12:05:00,1684249500,58.81,1.47,48.23,1.43,36.12,2.63
2023/05/16 12:10:01,1684249801,58.94,1.49,48.37,1.45,36.25,2.65
2023/05/16 12:15:00,1684250100,59.07,1.51,48.51,1.48,36.37,2.67
2023/05/16 12:20:01,1684250401,59.21,1.53,48.65,1.5,36.5,2.69
2023/05/16 12:25:00,1684250700,59.34,1.55,48.79,1.53,36.62,2.71
2023/05/16 12:30:00,1684251000,59.48,1.57,48.93,1.55,36.76,2.73
2023/05/16 12:35:00,1684251300,59.62,1.59,49.07,1.58,36.89,2.76
2023/05/16 12:40:00,1684251600,59.74,1.61,49.21,1.6,37.02,2.78
2023/05/16 12:45:01,1684251901,59.88,1.63,49.35,1.62,37.15,2.8
2023/05/16 12:50:00,1684252200,60.01,1.65,49.49,1.65,37.27,2.82
2023/05/16 12:55:01,1684252501,60.15,1.67,49.63,1.67,37.4,2.84
2023/05/16 13:00:00,1684252800,60.28,1.69,49.77,1.69,37.53,2.86
2023/05/16 13:05:00,1684253100,60.41,1.71,49.91,1.72,37.66,2.88
2023/05/16 13:10:01,1684253401,60.55,1.73,50.05,1.74,37.8,2.9
2023/05/16 13:15:00,1684253700,60.68,1.75,50.19,1.76,37.93,2.92
2023/05/16 13:20:01,1684254001,60.82,1.77,50.33,1.79,38.06,2.95
2023/05/16 13:25:00,1684254300,60.95,1.79,50.47,1.81,38.19,2.97
2023/05/16 13:30:00,1684254600,61.08,1.81,50.61,1.83,38.32,2.99
2023/05/16 13:35:01,1684254901,61.21,1.83,50.75,1.86,38.45,3.01
2023/05/16 13:40:00,1684255200,61.35,1.85,50.89,1.88,38.58,3.03
2023/05/16 13:45:00,1684255500,61.49,1.87,51.04,1.9,38.72,3.06
2023/05/16 13:50:01,1684255801,61.62,1.89,51.19,1.92,38.85,3.08
2023/05/16 13:55:00,1684256100,61.76,1.91,51.33,1.94,38.99,3.1
2023/05/16 14:00:01,1684256401,61.9,1.93,51.47,1.97,39.12,3.13
2023/05/16 14:05:00,1684256700,61.95,1.94,51.54,1.97,39.18,3.14
2023/05/16 14:10:01,1684257001,61.96,1.94,51.57,1.98,39.19,3.14
2023/05/16 14:15:00,1684257300,61.97,1.94,51.58,1.98,39.19,3.14
2023/05/16 14:20:01,1684257601,62.04,1.94,51.66,1.99,39.27,3.15
2023/05/16 14:25:00,1684257900,62.2,1.96,51.83,2.01,39.42,3.18
2023/05/16 14:30:00,1684258200,62.35,1.98,52.0,2.03,39.58,3.2
2023/05/16 14:35:00,1684258500,62.51,2.0,52.16,2.05,39.73,3.23
2023/05/16 14:40:01,1684258801,62.66,2.02,52.33,2.08,39.88,3.26
2023/05/16 14:45:00,1684259100,62.81,2.04,52.48,2.1,40.03,3.28
2023/05/16 14:50:00,1684259400,62.93,2.06,52.61,2.12,40.15,3.3
2023/05/16 14:55:00,1684259700,63.07,2.09,52.75,2.14,40.28,3.32
2023/05/16 15:00:01,1684260001,63.21,2.11,52.89,2.16,40.42,3.35
2023/05/16 15:05:00,1684260300,63.33,2.13,53.03,2.18,40.54,3.37
2023/05/16 15:10:00,1684260600,63.47,2.15,53.16,2.2,40.67,3.39
2023/05/16 15:15:01,1684260901,63.59,2.17,53.3,2.23,40.8,3.41
2023/05/16 15:20:00,1684261200,63.73,2.19,53.43,2.25,40.93,3.43
2023/05/16 15:25:00,1684261500,63.86,2.21,53.56,2.27,41.06,3.45
2023/05/16 15:30:01,1684261801,63.99,2.23,53.7,2.29,41.19,3.47
2023/05/16 15:35:01,1684262101,64.12,2.25,53.84,2.31,41.32,3.49
2023/05/16 15:40:00,1684262400,64.25,2.27,53.97,2.33,41.45,3.51
2023/05/16 15:45:01,1684262701,64.38,2.29,54.1,2.35,41.58,3.54
2023/05/16 15:50:00,1684263000,64.51,2.31,54.24,2.37,41.7,3.56
2023/05/16 15:55:01,1684263301,64.64,2.33,54.38,2.39,41.83,3.58
2023/05/16 16:00:00,1684263600,64.77,2.35,54.51,2.41,41.96,3.6
2023/05/16 16:05:01,1684263901,64.9,2.37,54.65,2.43,42.09,3.62
2023/05/16 16:10:00,1684264200,65.03,2.39,54.79,2.46,42.22,3.64
2023/05/16 16:15:01,1684264501,65.16,2.41,54.92,2.48,42.35,3.66
2023/05/16 16:20:00,1684264800,65.29,2.43,55.06,2.5,42.47,3.68
2023/05/16 16:25:00,1684265100,65.43,2.45,55.2,2.52,42.61,3.7
2023/05/16 16:30:00,1684265400,65.56,2.47,55.34,2.54,42.73,3.73
2023/05/16 16:35:00,1684265700,65.69,2.49,55.47,2.56,42.86,3.75
2023/05/16 16:40:00,1684266000,65.83,2.51,55.62,2.58,42.99,3.77
2023/05/16 16:45:01,1684266301,65.96,2.53,55.75,2.61,43.12,3.79
2023/05/16 16:50:00,1684266600,66.08,2.56,55.89,2.63,43.25,3.81
2023/05/16 16:55:01,1684266901,66.15,2.57,55.96,2.64,43.31,3.82
2023/05/16 17:00:00,1684267200,66.15,2.57,55.97,2.64,43.32,3.82
2023/05/16 17:05:00,1684267500,66.16,2.57,55.98,2.64,43.32,3.82
2023/05/16 17:10:00,1684267800,66.16,2.57,55.99,2.64,43.32,3.82
2023/05/16 17:15:00,1684268100,66.17,2.57,56.0,2.64,43.33,3.82
2023/05/16 17:20:01,1684268401,66.17,2.57,56.02,2.64,43.33,3.82
2023/05/16 17:25:00,1684268700,66.17,2.57,56.03,2.64,43.33,3.82
2023/05/16 17:30:01,1684269001,66.18,2.57,56.04,2.64,43.34,3.82
2023/05/16 17:35:00,1684269300,66.18,2.57,56.05,2.64,43.34,3.82
2023/05/16 17:40:01,1684269601,66.18,2.57,56.06,2.64,43.34,3.82
2023/05/16 17:45:00,1684269900,66.19,2.57,56.07,2.64,43.35,3.82
2023/05/16 17:50:01,1684270201,66.19,2.57,56.08,2.64,43.35,3.81
2023/05/16 17:55:00,1684270500,66.19,2.57,56.09,2.64,43.35,3.81
2023/05/16 18:00:01,1684270801,66.2,2.57,56.1,2.64,43.35,3.81
2023/05/16 18:05:00,1684271100,66.2,2.57,56.12,2.63,43.36,3.81
2023/05/16 18:10:00,1684271400,66.2,2.57,56.13,2.63,43.36,3.81
2023/05/16 18:15:00,1684271700,66.21,2.57,56.14,2.63,43.36,3.8
2023/05/16 18:20:01,1684272001,66.21,2.57,56.15,2.63,43.37,3.8
2023/05/16 18:25:00,1684272300,66.21,2.57,56.16,2.63,43.37,3.8
2023/05/16 18:30:01,1684272601,66.22,2.57,56.17,2.63,43.37,3.8
2023/05/16 18:35:00,1684272900,66.22,2.57,56.18,2.63,43.38,3.8
2023/05/16 18:40:01,1684273201,66.23,2.57,56.19,2.63,43.38,3.79
2023/05/16 18:45:01,1684273501,66.23,2.57,56.2,2.63,43.38,3.79
2023/05/16 18:50:00,1684273800,66.23,2.57,56.22,2.63,43.39,3.79
2023/05/16 18:55:00,1684274100,66.24,2.57,56.23,2.62,43.39,3.79
2023/05/16 19:00:01,1684274401,66.24,2.57,56.24,2.62,43.39,3.78
2023/05/16 19:05:00,1684274700,66.24,2.57,56.25,2.62,43.39,3.78
2023/05/16 19:10:00,1684275000,66.25,2.57,56.26,2.62,43.4,3.78
2023/05/16 19:15:01,1684275301,66.25,2.57,56.27,2.62,43.4,3.78
2023/05/16 19:20:00,1684275600,66.25,2.57,56.28,2.62,43.4,3.78
2023/05/16 19:25:01,1684275901,66.26,2.57,56.29,2.62,43.41,3.77
2023/05/16 19:30:00,1684276200,66.26,2.57,56.3,2.62,43.41,3.77
2023/05/16 19:35:01,1684276501,66.26,2.58,56.32,2.62,43.41,3.77
2023/05/16 19:40:00,1684276800,66.27,2.58,56.33,2.62,43.42,3.77
2023/05/16 19:45:01,1684277101,66.27,2.58,56.34,2.62,43.42,3.77
2023/05/16 19:50:00,1684277400,66.27,2.58,56.35,2.61,43.42,3.76
2023/05/16 19:55:00,1684277700,66.28,2.58,56.36,2.61,43.43,3.76
2023/05/16 20:00:01,1684278001,66.28,2.58,56.37,2.61,43.43,3.76
2023/05/16 20:05:00,1684278300,66.28,2.58,56.38,2.61,43.43,3.76
2023/05/16 20:10:00,1684278600,66.29,2.58,56.39,2.61,43.44,3.76
2023/05/16 20:15:01,1684278901,66.29,2.58,56.4,2.61,43.44,3.75
2023/05/16 20:20:00,1684279200,66.29,2.58,56.41,2.61,43.44,3.75
2023/05/16 20:25:01,1684279501,66.3,2.58,56.43,2.61,43.44,3.75
2023/05/16 20:30:00,1684279800,66.3,2.58,56.44,2.61,43.45,3.75
2023/05/16 20:35:00,1684280100,66.3,2.58,56.45,2.61,43.45,3.75
2023/05/16 20:40:01,1684280401,66.31,2.58,56.46,2.61,43.45,3.74
2023/05/16 20:45:00,1684280700,66.31,2.58,56.47,2.6,43.46,3.74
2023/05/16 20:50:00,1684281000,66.32,2.58,56.48,2.6,43.46,3.74
2023/05/16 20:55:01,1684281301,66.32,2.58,56.49,2.6,43.46,3.74
2023/05/16 21:00:00,1684281600,66.32,2.58,56.5,2.6,43.47,3.74
2023/05/16 21:05:01,1684281901,66.33,2.58,56.52,2.6,43.47,3.73
2023/05/16 21:10:00,1684282200,66.33,2.58,56.53,2.6,43.47,3.73
2023/05/16 21:15:01,1684282501,66.33,2.58,56.54,2.6,43.48,3.73
2023/05/16 21:20:01,1684282801,66.34,2.58,56.55,2.6,43.48,3.73
2023/05/16 21:25:00,1684283100,66.34,2.58,56.56,2.6,43.48,3.73
2023/05/16 21:30:01,1684283401,66.34,2.58,56.57,2.6,43.49,3.72
2023/05/16 21:35:00,1684283700,66.35,2.58,56.58,2.59,43.49,3.72
2023/05/16 21:40:01,1684284001,66.35,2.58,56.59,2.59,43.49,3.72
2023/05/16 21:45:00,1684284300,66.35,2.58,56.6,2.59,43.49,3.72
2023/05/16 21:50:01,1684284601,66.36,2.58,56.61,2.59,43.5,3.71
2023/05/16 21:55:01,1684284901,66.36,2.58,56.63,2.59,43.5,3.71
2023/05/16 22:00:00,1684285200,66.36,2.58,56.64,2.59,43.5,3.71
2023/05/16 22:05:01,1684285501,66.37,2.58,56.65,2.59,43.51,3.71
2023/05/16 22:10:00,1684285800,66.37,2.59,56.66,2.59,43.51,3.71
2023/05/16 22:15:00,1684286100,66.37,2.59,56.67,2.59,43.51,3.71
2023/05/16 22:20:01,1684286401,66.38,2.59,56.68,2.58,43.52,3.7
2023/05/16 22:25:00,1684286700,66.38,2.59,56.69,2.58,43.52,3.7
2023/05/16 22:30:01,1684287001,66.38,2.59,56.7,2.58,43.52,3.7
2023/05/16 22:35:00,1684287300,66.39,2.59,56.71,2.58,43.53,3.7
2023/05/16 22:40:01,1684287601,66.39,2.59,56.72,2.58,43.53,3.7
2023/05/16 22:45:00,1684287900,66.39,2.59,56.74,2.58,43.53,3.69
2023/05/16 22:50:01,1684288201,66.4,2.59,56.75,2.58,43.54,3.69
2023/05/16 22:55:00,1684288500,66.4,2.59,56.76,2.58,43.54,3.69
2023/05/16 23:00:00,1684288800,66.4,2.59,56.77,2.58,43.54,3.69
2023/05/16 23:05:01,1684289101,66.41,2.59,56.78,2.58,43.55,3.69
2023/05/16 23:10:00,1684289400,66.41,2.59,56.79,2.57,43.55,3.68
2023/05/16 23:15:01,1684289701,66.41,2.59,56.8,2.57,43.55,3.68
2023/05/16 23:20:00,1684290000,66.42,2.59,56.81,2.57,43.55,3.68
2023/05/16 23:25:01,1684290301,66.42,2.59,56.82,2.57,43.56,3.68
2023/05/16 23:30:00,1684290600,66.42,2.59,56.83,2.57,43.56,3.68
2023/05/16 23:35:01,1684290901,66.43,2.59,56.85,2.57,43.56,3.67
2023/05/16 23:40:00,1684291200,66.43,2.59,56.86,2.57,43.57,3.67
2023/05/16 23:45:01,1684291501,66.44,2.59,56.87,2.57,43.57,3.67
2023/05/16 23:50:00,1684291800,66.44,2.59,56.88,2.57,43.57,3.67
2023/05/16 23:55:00,1684292100,66.44,2.59,56.89,2.57,43.58,3.67
2023/05/17 00:00:01,1684292401,66.45,2.59,56.9,2.56,43.58,3.66
2023/05/17 00:05:00,1684292700,66.45,2.59,56.91,2.56,43.58,3.66
2023/05/17 00:10:00,1684293000,66.45,2.59,56.92,2.56,43.59,3.66
2023/05/17 00:15:00,1684293300,66.46,2.59,56.93,2.56,43.59,3.66
2023/05/17 00:20:01,1684293601,66.46,2.59,56.95,2.56,43.59,3.65
2023/05/17 00:25:00,1684293900,66.46,2.59,56.96,2.56,43.6,3.65
2023/05/17 00:30:01,1684294201,66.47,2.59,56.97,2.56,43.6,3.65
2023/05/17 00:35:00,1684294500,66.47,2.59,56.98,2.56,43.6,3.65
2023/05/17 00:40:00,1684294800,66.47,2.6,56.99,2.56,43.61,3.65
2023/05/17 00:45:01,1684295101,66.48,2.6,57.0,2.55,43.61,3.64
2023/05/17 00:50:00,1684295400,66.48,2.6,57.01,2.55,43.61,3.64
2023/05/17 00:55:01,1684295701,66.48,2.6,57.02,2.55,43.62,3.64
2023/05/17 01:00:01,1684296001,66.49,2.6,57.03,2.55,43.62,3.64
2023/05/17 01:05:00,1684296300,66.49,2.6,57.05,2.55,43.62,3.64
2023/05/17 01:10:00,1684296600,66.5,2.6,57.06,2.55,43.62,3.63
2023/05/17 01:15:01,1684296901,66.5,2.6,57.07,2.55,43.63,3.63
2023/05/17 01:20:01,1684297201,66.5,2.6,57.08,2.55,43.63,3.63
2023/05/17 01:25:00,1684297500,66.51,2.6,57.09,2.55,43.63,3.63
2023/05/17 01:30:00,1684297800,66.51,2.6,57.1,2.55,43.64,3.62
2023/05/17 01:35:01,1684298101,66.51,2.6,57.11,2.54,43.64,3.62
2023/05/17 01:40:00,1684298400,66.52,2.6,57.12,2.54,43.64,3.62
2023/05/17 01:45:00,1684298700,66.52,2.6,57.14,2.54,43.65,3.62
2023/05/17 01:50:01,1684299001,66.52,2.6,57.15,2.54,43.65,3.62
2023/05/17 01:55:00,1684299300,66.53,2.6,57.16,2.54,43.65,3.61
2023/05/17 02:00:00,1684299600,66.53,2.6,57.17,2.54,43.66,3.61
2023/05/17 02:05:00,1684299900,66.54,2.6,57.18,2.54,43.66,3.61
2023/05/17 02:10:00,1684300200,66.54,2.6,57.19,2.54,43.66,3.61
2023/05/17 02:15:01,1684300501,66.54,2.6,57.2,2.54,43.67,3.61
2023/05/17 02:20:00,1684300800,66.55,2.6,57.21,2.53,43.67,3.6
2023/05/17 02:25:01,1684301101,66.55,2.6,57.23,2.53,43.67,3.6
2023/05/17 02:30:00,1684301400,66.55,2.6,57.24,2.53,43.68,3.6
2023/05/17 02:35:00,1684301700,66.56,2.6,57.25,2.53,43.68,3.6
2023/05/17 02:40:01,1684302001,66.56,2.6,57.26,2.53,43.68,3.59
2023/05/17 02:45:00,1684302300,66.56,2.6,57.27,2.53,43.69,3.59
2023/05/17 02:50:00,1684302600,66.57,2.6,57.28,2.53,43.69,3.59
2023/05/17 02:55:01,1684302901,66.57,2.6,57.29,2.53,43.69,3.59
2023/05/17 03:00:00,1684303200,66.57,2.6,57.3,2.53,43.7,3.59
2023/05/17 03:05:00,1684303500,66.58,2.61,57.32,2.53,43.7,3.58
2023/05/17 03:10:00,1684303800,66.58,2.61,57.33,2.52,43.7,3.58
2023/05/17 03:15:01,1684304101,66.59,2.61,57.34,2.52,43.7,3.58
2023/05/17 03:20:00,1684304400,66.59,2.61,57.35,2.52,43.71,3.58
2023/05/17 03:25:01,1684304701,66.59,2.61,57.36,2.52,43.71,3.58
2023/05/17 03:30:00,1684305000,66.6,2.61,57.37,2.52,43.71,3.57
2023/05/17 03:35:00,1684305300,66.6,2.61,57.38,2.52,43.72,3.57
2023/05/17 03:40:00,1684305600,66.6,2.61,57.39,2.52,43.72,3.57
2023/05/17 03:45:00,1684305900,66.61,2.61,57.4,2.52,43.72,3.57
2023/05/17 03:50:01,1684306201,66.61,2.61,57.42,2.52,43.73,3.57
2023/05/17 03:55:01,1684306501,66.61,2.61,57.43,2.52,43.73,3.56
2023/05/17 04:00:00,1684306800,66.62,2.61,57.44,2.51,43.73,3.56
2023/05/17 04:05:00,1684307100,66.62,2.61,57.45,2.51,43.74,3.56
2023/05/17 04:10:00,1684307400,66.62,2.61,57.46,2.51,43.74,3.56
2023/05/17 04:15:00,1684307700,66.63,2.61,57.47,2.51,43.74,3.55
2023/05/17 04:20:01,1684308001,66.63,2.61,57.48,2.51,43.75,3.55
2023/05/17 04:25:01,1684308301,66.64,2.61,57.49,2.51,43.75,3.55
2023/05/17 04:30:00,1684308600,66.64,2.61,57.5,2.51,43.75,3.55
2023/05/17 04:35:01,1684308901,66.64,2.61,57.52,2.51,43.75,3.55
2023/05/17 04:40:00,1684309200,66.65,2.61,57.53,2.51,43.76,3.54
2023/05/17 04:45:00,1684309500,66.65,2.61,57.54,2.51,43.76,3.54
2023/05/17 04:50:00,1684309800,66.65,2.61,57.55,2.51,43.76,3.54
2023/05/17 04:55:00,1684310100,66.66,2.61,57.56,2.51,43.77,3.54
2023/05/17 05:00:01,1684310401,66.66,2.61,57.57,2.51,43.77,3.54
2023/05/17 05:05:00,1684310700,66.66,2.61,57.58,2.5,43.77,3.53
2023/05/17 05:10:01,1684311001,66.67,2.61,57.59,2.5,43.78,3.53
2023/05/17 05:15:00,1684311300,66.67,2.61,57.6,2.5,43.78,3.53
2023/05/17 05:20:01,1684311601,66.68,2.61,57.62,2.5,43.78,3.53
2023/05/17 05:25:00,1684311900,66.68,2.61,57.63,2.5,43.78,3.53
2023/05/17 05:30:00,1684312200,66.68,2.61,57.64,2.5,43.79,3.52
2023/05/17 05:35:01,1684312501,66.69,2.61,57.65,2.5,43.79,3.52
2023/05/17 05:40:00,1684312800,66.69,2.61,57.66,2.5,43.79,3.52
2023/05/17 05:45:00,1684313100,66.69,2.61,57.67,2.5,43.8,3.52
2023/05/17 05:50:01,1684313401,66.7,2.61,57.68,2.5,43.8,3.52
2023/05/17 05:55:00,1684313700,66.7,2.62,57.69,2.5,43.8,3.52
2023/05/17 06:00:01,1684314001,66.7,2.62,57.7,2.5,43.81,3.52
2023/05/17 06:05:00,1684314300,66.71,2.62,57.71,2.5,43.81,3.51
2023/05/17 06:10:01,1684314601,66.71,2.62,57.73,2.5,43.81,3.51
2023/05/17 06:15:00,1684314900,66.72,2.62,57.74,2.5,43.82,3.51
2023/05/17 06:20:01,1684315201,66.72,2.62,57.75,2.5,43.82,3.51
2023/05/17 06:25:00,1684315500,66.72,2.62,57.76,2.5,43.82,3.51
2023/05/17 06:30:01,1684315801,66.73,2.62,57.77,2.5,43.82,3.51
2023/05/17 06:35:00,1684316100,66.73,2.62,57.78,2.5,43.83,3.51
2023/05/17 06:40:00,1684316400,66.74,2.62,57.79,2.5,43.83,3.5
2023/05/17 06:45:00,1684316700,66.74,2.62,57.8,2.5,43.83,3.5
2023/05/17 06:50:01,1684317001,66.75,2.62,57.81,2.49,43.83,3.5
2023/05/17 06:55:00,1684317300,66.75,2.62,57.82,2.49,43.84,3.5
2023/05/17 07:00:00,1684317600,66.75,2.62,57.84,2.49,43.84,3.5
2023/05/17 07:05:01,1684317901,66.76,2.62,57.85,2.49,43.84,3.5
2023/05/17 07:10:00,1684318200,66.76,2.62,57.86,2.49,43.84,3.49
2023/05/17 07:15:01,1684318501,66.77,2.62,57.87,2.49,43.85,3.49
2023/05/17 07:20:00,1684318800,66.77,2.62,57.88,2.49,43.85,3.49
2023/05/17 07:25:00,1684319100,66.78,2.62,57.89,2.49,43.85,3.49
2023/05/17 07:30:01,1684319401,66.78,2.62,57.9,2.49,43.85,3.49
2023/05/17 07:35:00,1684319700,66.79,2.62,57.91,2.49,43.86,3.49
2023/05/17 07:40:00,1684320000,66.79,2.62,57.92,2.49,43.86,3.48
2023/05/17 07:45:01,1684320301,66.8,2.62,57.93,2.49,43.86,3.48
2023/05/17 07:50:00,1684320600,66.8,2.62,57.95,2.49,43.86,3.48
2023/05/17 07:55:00,1684320900,66.8,2.62,57.96,2.49,43.86,3.48
2023/05/17 08:00:01,1684321201,66.81,2.62,57.97,2.49,43.87,3.48
2023/05/17 08:05:00,1684321500,66.81,2.62,57.98,2.49,43.87,3.47
2023/05/17 08:10:01,1684321801,66.82,2.62,57.99,2.49,43.87,3.47
2023/05/17 08:15:00,1684322100,66.82,2.62,58.0,2.49,43.87,3.47
2023/05/17 08:20:01,1684322401,66.83,2.62,58.01,2.49,43.88,3.47
2023/05/17 08:25:00,1684322700,66.83,2.62,58.02,2.49,43.88,3.47
2023/05/17 08:30:01,1684323001,66.83,2.62,58.03,2.49,43.88,3.47
2023/05/17 08:35:00,1684323300,66.84,2.62,58.05,2.49,43.89,3.47
2023/05/17 08:40:00,1684323600,66.84,2.62,58.06,2.49,43.89,3.46
2023/05/17 08:45:00,1684323900,66.85,2.62,58.07,2.49,43.89,3.46
2023/05/17 08:50:01,1684324201,66.85,2.62,58.08,2.49,43.89,3.46
2023/05/17 08:55:01,1684324501,66.85,2.62,58.09,2.49,43.9,3.46
2023/05/17 09:00:00,1684324800,66.86,2.62,58.1,2.49,43.9,3.46
2023/05/17 09:05:00,1684325100,66.86,2.62,58.11,2.49,43.9,3.46
2023/05/17 09:10:00,1684325400,66.87,2.62,58.12,2.49,43.91,3.46
2023/05/17 09:15:00,1684325700,66.87,2.62,58.13,2.49,43.91,3.45
2023/05/17 09:20:01,1684326001,66.87,2.62,58.14,2.49,43.91,3.45
2023/05/17 09:25:01,1684326301,66.88,2.62,58.15,2.49,43.91,3.45
2023/05/17 09:30:00,1684326600,66.88,2.62,58.17,2.49,43.92,3.45
2023/05/17 09:35:01,1684326901,66.89,2.62,58.18,2.49,43.92,3.45
2023/05/17 09:40:00,1684327200,66.89,2.62,58.19,2.49,43.92,3.45
2023/05/17 09:45:01,1684327501,66.9,2.62,58.2,2.49,43.92,3.44
2023/05/17 09:50:00,1684327800,66.9,2.62,58.21,2.49,43.93,3.44
2023/05/17 09:55:00,1684328100,66.9,2.62,58.22,2.49,43.93,3.44
2023/05/17 10:00:00,1684328400,66.91,2.62,58.23,2.49,43.93,3.44
2023/05/17 10:05:01,1684328701,66.91,2.62,58.24,2.49,43.94,3.44
2023/05/17 10:10:00,1684329000,66.92,2.62,58.25,2.49,43.94,3.44
2023/05/17 10:15:01,1684329301,66.92,2.62,58.26,2.49,43.94,3.43
2023/05/17 10:20:00,1684329600,66.92,2.62,58.28,2.49,43.94,3.43
2023/05/17 10:25:00,1684329900,66.93,2.62,58.29,2.49,43.95,3.43
2023/05/17 10:30:01,1684330201,66.93,2.62,58.3,2.49,43.95,3.43
2023/05/17 10:35:00,1684330500,66.94,2.62,58.31,2.49,43.95,3.43
2023/05/17 10:40:01,1684330801,66.94,2.62,58.32,2.49,43.95,3.43
2023/05/17 10:45:00,1684331100,66.95,2.62,58.33,2.49,43.96,3.43
2023/05/17 10:50:01,1684331401,66.95,2.62,58.34,2.49,43.96,3.42
2023/05/17 10:55:00,1684331700,66.95,2.62,58.35,2.49,43.96,3.42
2023/05/17 11:00:01,1684332001,66.96,2.62,58.36,2.49,43.96,3.42
2023/05/17 11:05:00,1684332300,66.96,2.62,58.37,2.49,43.97,3.42
2023/05/17 11:10:01,1684332601,66.97,2.62,58.39,2.49,43.97,3.42
2023/05/17 11:15:00,1684332900,66.97,2.62,58.4,2.49,43.97,3.42
2023/05/17 11:20:01,1684333201,66.98,2.62,58.41,2.49,43.97,3.41
2023/05/17 11:25:00,1684333500,66.98,2.62,58.42,2.49,43.98,3.41
2023/05/17 11:30:01,1684333801,66.98,2.62,58.43,2.49,43.98,3.41
2023/05/17 11:35:00,1684334100,66.99,2.62,58.44,2.49,43.98,3.41
2023/05/17 11:40:01,1684334401,66.99,2.62,58.45,2.49,43.99,3.41
2023/05/17 11:45:00,1684334700,67.0,2.62,58.46,2.49,43.99,3.41
2023/05/17 11:50:00,1684335000,67.0,2.62,58.47,2.49,43.99,3.4
2023/05/17 11:55:00,1684335300,67.01,2.62,58.48,2.49,43.99,3.4
2023/05/17 12:00:00,1684335600,67.01,2.62,58.5,2.49,44.0,3.4
2023/05/17 12:05:00,1684335900,67.01,2.62,58.51,2.49,44.0,3.4
2023/05/17 12:30:00,1684337400,67.01,2.62,58.51,2.49,44.0,3.4
2023/05/17 12:35:00,1684337700,67.01,2.62,58.52,2.49,44.0,3.4
2023/05/17 12:40:00,1684338000,67.02,2.62,58.52,2.49,44.0,3.4
2023/05/17 12:45:00,1684338300,67.02,2.62,58.53,2.49,44.0,3.4
2023/05/17 12:50:00,1684338600,67.03,2.62,58.54,2.49,44.0,3.4
2023/05/17 12:55:01,1684338901,67.03,2.62,58.54,2.49,44.01,3.39
2023/05/17 13:00:00,1684339200,67.03,2.62,58.55,2.49,44.01,3.39
2023/05/17 13:05:00,1684339500,67.04,2.62,58.56,2.49,44.01,3.39
2023/05/17 13:10:01,1684339801,67.04,2.62,58.57,2.49,44.01,3.39
2023/05/17 13:15:00,1684340100,67.05,2.62,58.57,2.49,44.02,3.39
2023/05/17 13:20:00,1684340400,67.05,2.62,58.58,2.49,44.02,3.39
2023/05/17 13:25:00,1684340700,67.06,2.62,58.59,2.49,44.02,3.38
2023/05/17 13:30:01,1684341001,67.06,2.62,58.59,2.49,44.02,3.38
2023/05/17 13:35:00,1684341300,67.07,2.62,58.6,2.49,44.02,3.38
2023/05/17 13:40:01,1684341601,67.07,2.62,58.61,2.49,44.03,3.38
2023/05/17 13:45:00,1684341900,67.07,2.62,58.62,2.48,44.03,3.38
2023/05/17 13:50:01,1684342201,67.08,2.62,58.62,2.48,44.03,3.38
2023/05/17 13:55:00,1684342500,67.08,2.62,58.63,2.48,44.03,3.37
2023/05/17 14:00:01,1684342801,67.09,2.62,58.64,2.48,44.03,3.37
2023/05/17 14:05:00,1684343100,67.09,2.62,58.64,2.48,44.04,3.37
2023/05/17 14:10:01,1684343401,67.1,2.62,58.65,2.48,44.04,3.37
2023/05/17 14:15:00,1684343700,67.1,2.62,58.66,2.48,44.04,3.37
2023/05/17 14:20:01,1684344001,67.11,2.62,58.67,2.48,44.04,3.36
2023/05/17 14:25:00,1684344300,67.11,2.62,58.67,2.48,44.04,3.36
2023/05/17 14:30:01,1684344601,67.12,2.62,58.68,2.48,44.05,3.36
2023/05/17 14:35:00,1684344900,67.12,2.62,58.69,2.48,44.05,3.36
2023/05/17 14:40:01,1684345201,67.13,2.62,58.69,2.48,44.05,3.36
2023/05/17 14:45:00,1684345500,67.13,2.62,58.7,2.48,44.05,3.35
2023/05/17 14:50:01,1684345801,67.14,2.62,58.71,2.48,44.05,3.35
2023/05/17 14:55:00,1684346100,67.14,2.62,58.72,2.48,44.06,3.35
2023/05/17 15:00:01,1684346401,67.14,2.62,58.72,2.48,44.06,3.35
2023/05/17 15:05:00,1684346700,67.15,2.62,58.73,2.47,44.06,3.35
2023/05/17 15:10:01,1684347001,67.15,2.62,58.74,2.47,44.06,3.35
2023/05/17 15:15:00,1684347300,67.16,2.62,58.74,2.47,44.07,3.34
2023/05/17 15:30:01,1684348201,67.17,2.62,58.77,2.47,44.07,3.34
2023/05/17 15:45:01,1684349101,67.18,2.62,58.79,2.46,44.08,3.34
2023/05/17 16:00:00,1684350000,67.19,2.62,58.81,2.46,44.09,3.33
2023/05/17 16:15:01,1684350901,67.2,2.62,58.83,2.45,44.1,3.33
2023/05/17 16:30:01,1684351801,67.22,2.62,58.85,2.45,44.11,3.32
2023/05/17 16:45:00,1684352700,67.23,2.62,58.87,2.44,44.12,3.32
2023/05/17 17:00:00,1684353600,67.24,2.62,58.89,2.44,44.13,3.32
2023/05/17 17:15:00,1684354500,67.25,2.62,58.91,2.43,44.14,3.31
2023/05/17 17:20:00,1684354800,67.25,2.62,58.92,2.43,44.14,3.31
2023/05/17 17:25:01,1684355101,67.26,2.62,58.93,2.43,44.14,3.31
2023/05/17 17:30:00,1684355400,67.26,2.62,58.94,2.43,44.15,3.31
2023/05/17 17:35:01,1684355701,67.26,2.62,58.94,2.43,44.15,3.31
2023/05/17 17:40:00,1684356000,67.27,2.62,58.95,2.43,44.15,3.31
2023/05/17 17:45:00,1684356300,67.27,2.62,58.96,2.43,44.15,3.3
2023/05/17 17:50:01,1684356601,67.28,2.62,58.97,2.42,44.16,3.3
2023/05/17 17:55:00,1684356900,67.28,2.62,58.97,2.42,44.16,3.3
2023/05/17 18:00:01,1684357201,67.28,2.62,58.98,2.42,44.16,3.3
2023/05/17 18:05:00,1684357500,67.29,2.62,58.99,2.42,44.17,3.3
2023/05/17 18:10:01,1684357801,67.29,2.62,58.99,2.42,44.17,3.3
2023/05/17 18:15:00,1684358100,67.29,2.62,59.0,2.42,44.17,3.3
2023/05/17 18:20:00,1684358400,67.3,2.62,59.01,2.41,44.18,3.3
2023/05/17 18:25:00,1684358700,67.3,2.62,59.01,2.41,44.18,3.29
2023/05/17 18:30:01,1684359001,67.31,2.62,59.02,2.41,44.18,3.29
2023/05/17 18:35:00,1684359300,67.31,2.62,59.03,2.41,44.19,3.29
2023/05/17 18:40:00,1684359600,67.31,2.62,59.04,2.41,44.19,3.29
2023/05/17 18:45:01,1684359901,67.32,2.62,59.04,2.4,44.19,3.29
2023/05/17 18:50:00,1684360200,67.32,2.62,59.05,2.4,44.2,3.29
2023/05/17 18:55:01,1684360501,67.32,2.62,59.06,2.4,44.2,3.29
2023/05/17 19:00:00,1684360800,67.33,2.62,59.07,2.4,44.2,3.29
2023/05/17 19:05:01,1684361101,67.33,2.62,59.07,2.4,44.2,3.29
2023/05/17 19:10:00,1684361400,67.33,2.62,59.08,2.39,44.21,3.28
2023/05/17 19:15:01,1684361701,67.34,2.62,59.09,2.39,44.21,3.28
2023/05/17 19:20:00,1684362000,67.34,2.62,59.09,2.39,44.21,3.28
2023/05/17 19:25:01,1684362301,67.34,2.62,59.1,2.39,44.22,3.28
2023/05/17 19:30:00,1684362600,67.35,2.62,59.11,2.39,44.22,3.28
2023/05/17 19:35:01,1684362901,67.35,2.62,59.12,2.39,44.22,3.28
2023/05/17 19:40:00,1684363200,67.35,2.62,59.12,2.38,44.23,3.28
2023/05/17 19:45:01,1684363501,67.36,2.62,59.13,2.38,44.23,3.28
2023/05/17 19:50:00,1684363800,67.36,2.62,59.14,2.38,44.23,3.28
2023/05/17 19:55:00,1684364100,67.36,2.62,59.14,2.38,44.24,3.27
2023/05/17 20:00:00,1684364400,67.37,2.62,59.15,2.38,44.24,3.27
2023/05/17 20:05:00,1684364700,67.37,2.62,59.16,2.37,44.24,3.27
2023/05/17 20:10:01,1684365001,67.37,2.62,59.17,2.37,44.25,3.27
2023/05/17 20:15:00,1684365300,67.38,2.62,59.17,2.37,44.25,3.27
2023/05/17 20:20:01,1684365601,67.38,2.62,59.18,2.37,44.25,3.27
2023/05/17 20:25:00,1684365900,67.38,2.62,59.19,2.37,44.26,3.27
2023/05/17 20:30:01,1684366201,67.39,2.62,59.19,2.37,44.26,3.27
2023/05/17 20:35:00,1684366500,67.39,2.62,59.2,2.36,44.26,3.27
2023/05/17 20:40:01,1684366801,67.4,2.62,59.21,2.36,44.27,3.26
2023/05/17 20:45:00,1684367100,67.4,2.63,59.22,2.36,44.27,3.26
2023/05/17 20:50:01,1684367401,67.4,2.63,59.22,2.36,44.27,3.26
2023/05/17 20:55:00,1684367700,67.41,2.63,59.23,2.36,44.28,3.26
2023/05/17 21:00:01,1684368001,67.41,2.63,59.24,2.35,44.28,3.26
2023/05/17 21:05:00,1684368300,67.41,2.63,59.24,2.35,44.28,3.26
2023/05/17 21:10:01,1684368601,67.42,2.63,59.25,2.35,44.29,3.26
2023/05/17 21:15:00,1684368900,67.42,2.63,59.26,2.35,44.29,3.26
2023/05/17 21:20:00,1684369200,67.42,2.63,59.27,2.35,44.29,3.26
2023/05/17 21:25:00,1684369500,67.43,2.63,59.27,2.35,44.3,3.25
2023/05/17 21:30:01,1684369801,67.43,2.63,59.28,2.34,44.3,3.25
2023/05/17 21:35:00,1684370100,67.43,2.63,59.29,2.34,44.3,3.25
2023/05/17 21:40:00,1684370400,67.44,2.63,59.3,2.34,44.31,3.25
2023/05/17 21:45:01,1684370701,67.44,2.63,59.3,2.34,44.31,3.25
2023/05/17 21:50:00,1684371000,67.44,2.63,59.31,2.34,44.31,3.25
2023/05/17 21:55:01,1684371301,67.45,2.63,59.32,2.33,44.32,3.25
2023/05/17 22:00:00,1684371600,67.45,2.63,59.32,2.33,44.32,3.25
2023/05/17 22:05:01,1684371901,67.45,2.63,59.33,2.33,44.32,3.25
2023/05/17 22:10:00,1684372200,67.46,2.63,59.34,2.33,44.33,3.24
2023/05/17 22:15:00,1684372500,67.46,2.63,59.35,2.33,44.33,3.24
2023/05/17 22:20:01,1684372801,67.46,2.63,59.35,2.32,44.33,3.24
2023/05/17 22:25:00,1684373100,67.47,2.63,59.36,2.32,44.34,3.24
2023/05/17 22:30:01,1684373401,67.47,2.63,59.37,2.32,44.34,3.24
2023/05/17 22:35:00,1684373700,67.47,2.63,59.37,2.32,44.34,3.24
2023/05/17 22:40:01,1684374001,67.48,2.63,59.38,2.32,44.35,3.24
2023/05/17 22:45:00,1684374300,67.48,2.63,59.39,2.31,44.35,3.24
2023/05/17 22:50:01,1684374601,67.49,2.63,59.4,2.31,44.35,3.23
2023/05/17 22:55:00,1684374900,67.49,2.63,59.4,2.31,44.36,3.23
2023/05/17 23:00:01,1684375201,67.49,2.63,59.41,2.31,44.36,3.23
2023/05/17 23:05:00,1684375500,67.5,2.63,59.42,2.31,44.36,3.23
2023/05/17 23:10:01,1684375801,67.5,2.63,59.42,2.3,44.36,3.23
2023/05/17 23:15:00,1684376100,67.5,2.63,59.43,2.3,44.37,3.22
2023/05/17 23:20:01,1684376401,67.51,2.63,59.44,2.3,44.37,3.22
2023/05/17 23:25:01,1684376701,67.51,2.63,59.45,2.3,44.37,3.22
2023/05/17 23:30:00,1684377000,67.51,2.64,59.45,2.3,44.38,3.22
2023/05/17 23:35:01,1684377301,67.52,2.64,59.46,2.29,44.38,3.22
2023/05/17 23:40:00,1684377600,67.52,2.64,59.47,2.29,44.38,3.21
2023/05/17 23:45:00,1684377900,67.52,2.64,59.48,2.29,44.39,3.21
2023/05/17 23:50:01,1684378201,67.53,2.64,59.48,2.29,44.39,3.21
2023/05/17 23:55:00,1684378500,67.53,2.64,59.49,2.29,44.39,3.21
2023/05/18 00:00:00,1684378800,67.53,2.64,59.5,2.28,44.39,3.21
2023/05/18 00:05:01,1684379101,67.54,2.64,59.5,2.28,44.4,3.2
2023/05/18 00:10:01,1684379401,67.54,2.64,59.51,2.28,44.4,3.2
2023/05/18 00:15:00,1684379700,67.54,2.64,59.52,2.28,44.4,3.2
2023/05/18 00:20:01,1684380001,67.55,2.64,59.53,2.28,44.41,3.2
2023/05/18 00:25:01,1684380301,67.55,2.64,59.53,2.28,44.41,3.2
2023/05/18 00:30:00,1684380600,67.56,2.64,59.54,2.27,44.41,3.19
2023/05/18 00:35:01,1684380901,67.56,2.64,59.55,2.27,44.41,3.19
2023/05/18 00:40:00,1684381200,67.56,2.64,59.55,2.27,44.42,3.19
2023/05/18 00:45:01,1684381501,67.57,2.64,59.56,2.27,44.42,3.19
2023/05/18 00:50:00,1684381800,67.57,2.64,59.57,2.27,44.42,3.18
2023/05/18 00:55:01,1684382101,67.57,2.64,59.58,2.27,44.43,3.18
2023/05/18 01:00:00,1684382400,67.58,2.64,59.58,2.26,44.43,3.18
2023/05/18 01:05:01,1684382701,67.58,2.64,59.59,2.26,44.43,3.18
2023/05/18 01:10:00,1684383000,67.59,2.64,59.6,2.26,44.43,3.18
2023/05/18 01:15:01,1684383301,67.59,2.64,59.61,2.26,44.44,3.17
2023/05/18 01:20:00,1684383600,67.59,2.64,59.61,2.26,44.44,3.17
2023/05/18 01:25:01,1684383901,67.6,2.64,59.62,2.26,44.44,3.17
2023/05/18 01:30:01,1684384201,67.6,2.64,59.63,2.26,44.44,3.17
2023/05/18 01:35:00,1684384500,67.6,2.64,59.63,2.25,44.45,3.16
2023/05/18 01:40:00,1684384800,67.61,2.64,59.64,2.25,44.45,3.16
2023/05/18 01:45:01,1684385101,67.61,2.64,59.65,2.25,44.45,3.16
2023/05/18 01:50:00,1684385400,67.62,2.64,59.66,2.25,44.46,3.16
2023/05/18 01:55:01,1684385701,67.62,2.64,59.66,2.25,44.46,3.16
2023/05/18 02:00:00,1684386000,67.62,2.64,59.67,2.25,44.46,3.15
2023/05/18 02:05:01,1684386301,67.63,2.64,59.68,2.25,44.46,3.15
2023/05/18 02:10:00,1684386600,67.63,2.64,59.69,2.24,44.47,3.15
2023/05/18 02:15:01,1684386901,67.63,2.64,59.69,2.24,44.47,3.15
2023/05/18 02:20:00,1684387200,67.64,2.64,59.7,2.24,44.47,3.15
2023/05/18 02:25:01,1684387501,67.64,2.64,59.71,2.24,44.48,3.14
2023/05/18 02:30:00,1684387800,67.65,2.64,59.71,2.24,44.48,3.14
2023/05/18 02:35:01,1684388101,67.65,2.64,59.72,2.24,44.48,3.14
2023/05/18 02:40:00,1684388400,67.65,2.64,59.73,2.23,44.48,3.14
2023/05/18 02:45:00,1684388700,67.66,2.64,59.74,2.23,44.49,3.14
2023/05/18 02:50:01,1684389001,67.66,2.64,59.74,2.23,44.49,3.13
2023/05/18 02:55:00,1684389300,67.66,2.64,59.75,2.23,44.49,3.13
2023/05/18 03:00:00,1684389600,67.67,2.64,59.76,2.23,44.5,3.13
2023/05/18 03:05:01,1684389901,67.67,2.64,59.77,2.23,44.5,3.13
2023/05/18 03:10:00,1684390200,67.67,2.64,59.77,2.22,44.5,3.12
2023/05/18 03:15:01,1684390501,67.68,2.64,59.78,2.22,44.51,3.12
2023/05/18 03:20:00,1684390800,67.68,2.64,59.79,2.22,44.51,3.12
2023/05/18 03:25:01,1684391101,67.69,2.64,59.79,2.22,44.51,3.12
2023/05/18 03:30:00,1684391400,67.69,2.64,59.8,2.22,44.51,3.12
2023/05/18 03:35:01,1684391701,67.69,2.64,59.81,2.22,44.52,3.11
2023/05/18 03:40:01,1684392001,67.7,2.64,59.82,2.21,44.52,3.11
2023/05/18 03:45:00,1684392300,67.7,2.64,59.82,2.21,44.52,3.11
2023/05/18 03:50:00,1684392600,67.7,2.64,59.83,2.21,44.53,3.11
2023/05/18 03:55:00,1684392900,67.71,2.64,59.84,2.21,44.53,3.1
2023/05/18 04:00:00,1684393200,67.71,2.65,59.84,2.21,44.53,3.1
2023/05/18 04:05:00,1684393500,67.72,2.65,59.85,2.21,44.53,3.1
2023/05/18 04:10:00,1684393800,67.72,2.65,59.86,2.2,44.54,3.1
2023/05/18 04:15:00,1684394100,67.72,2.65,59.87,2.2,44.54,3.1
2023/05/18 04:20:01,1684394401,67.73,2.65,59.87,2.2,44.54,3.09
2023/05/18 04:25:00,1684394700,67.73,2.65,59.88,2.2,44.55,3.09
2023/05/18 04:30:01,1684395001,67.73,2.65,59.89,2.2,44.55,3.09
2023/05/18 04:35:00,1684395300,67.74,2.65,59.9,2.2,44.55,3.09
2023/05/18 04:40:01,1684395601,67.74,2.65,59.9,2.2,44.55,3.09
2023/05/18 04:45:01,1684395901,67.74,2.65,59.91,2.19,44.56,3.08
2023/05/18 04:50:00,1684396200,67.75,2.65,59.92,2.19,44.56,3.08
2023/05/18 04:55:01,1684396501,67.75,2.65,59.92,2.19,44.56,3.08
2023/05/18 05:00:00,1684396800,67.76,2.65,59.93,2.19,44.57,3.08
2023/05/18 05:05:01,1684397101,67.76,2.65,59.94,2.19,44.57,3.08
2023/05/18 05:10:01,1684397401,67.76,2.65,59.95,2.19,44.57,3.07
2023/05/18 05:15:00,1684397700,67.77,2.65,59.95,2.18,44.57,3.07
2023/05/18 05:20:00,1684398000,67.77,2.65,59.96,2.18,44.58,3.07
2023/05/18 05:25:01,1684398301,67.77,2.65,59.97,2.18,44.58,3.07
2023/05/18 05:30:00,1684398600,67.78,2.65,59.98,2.18,44.58,3.07
2023/05/18 05:35:01,1684398901,67.78,2.65,59.98,2.18,44.59,3.06
2023/05/18 05:40:01,1684399201,67.78,2.65,59.99,2.18,44.59,3.06
2023/05/18 05:45:00,1684399500,67.79,2.65,60.0,2.17,44.59,3.06
2023/05/18 05:50:00,1684399800,67.79,2.65,60.0,2.17,44.6,3.06
2023/05/18 05:55:00,1684400100,67.8,2.65,60.01,2.17,44.6,3.06
2023/05/18 06:00:01,1684400401,67.8,2.65,60.02,2.17,44.6,3.06
2023/05/18 06:05:00,1684400700,67.8,2.65,60.03,2.17,44.6,3.05
2023/05/18 06:10:00,1684401000,67.81,2.65,60.03,2.17,44.61,3.05
2023/05/18 06:15:00,1684401300,67.81,2.65,60.04,2.17,44.61,3.05
2023/05/18 06:20:00,1684401600,67.81,2.65,60.05,2.16,44.61,3.05
2023/05/18 06:25:01,1684401901,67.82,2.65,60.05,2.16,44.62,3.05
2023/05/18 06:30:00,1684402200,67.82,2.65,60.06,2.16,44.62,3.05
2023/05/18 06:35:00,1684402500,67.83,2.65,60.07,2.16,44.62,3.05
2023/05/18 06:40:01,1684402801,67.83,2.65,60.08,2.16,44.62,3.04
2023/05/18 06:45:01,1684403101,67.83,2.65,60.08,2.16,44.63,3.04
2023/05/18 06:50:00,1684403400,67.84,2.65,60.09,2.16,44.63,3.04
2023/05/18 06:55:01,1684403701,67.84,2.65,60.1,2.16,44.63,3.04
2023/05/18 07:00:00,1684404000,67.85,2.65,60.1,2.16,44.63,3.04
2023/05/18 07:05:01,1684404301,67.85,2.65,60.11,2.15,44.64,3.04
2023/05/18 07:10:00,1684404600,67.85,2.65,60.12,2.15,44.64,3.04
2023/05/18 07:15:01,1684404901,67.86,2.65,60.13,2.15,44.64,3.03
2023/05/18 07:20:00,1684405200,67.86,2.65,60.13,2.15,44.65,3.03
2023/05/18 07:25:01,1684405501,67.87,2.65,60.14,2.15,44.65,3.03
2023/05/18 07:30:00,1684405800,67.87,2.65,60.15,2.15,44.65,3.03
2023/05/18 07:35:00,1684406100,67.88,2.65,60.15,2.15,44.65,3.03
2023/05/18 07:40:00,1684406400,67.88,2.65,60.16,2.15,44.66,3.03
2023/05/18 07:45:01,1684406701,67.88,2.65,60.17,2.15,44.66,3.02
2023/05/18 07:50:01,1684407001,67.89,2.65,60.18,2.15,44.66,3.02
2023/05/18 07:55:00,1684407300,67.89,2.65,60.18,2.14,44.66,3.02
2023/05/18 08:00:01,1684407601,67.9,2.65,60.19,2.14,44.67,3.02
2023/05/18 08:05:00,1684407900,67.9,2.65,60.2,2.14,44.67,3.02
2023/05/18 08:10:01,1684408201,67.91,2.65,60.2,2.14,44.67,3.02
2023/05/18 08:15:00,1684408500,67.91,2.65,60.21,2.14,44.67,3.02
2023/05/18 08:20:01,1684408801,67.91,2.65,60.22,2.14,44.68,3.01
2023/05/18 08:25:00,1684409100,67.92,2.65,60.23,2.14,44.68,3.01
2023/05/18 08:30:01,1684409401,67.92,2.65,60.23,2.14,44.68,3.01
2023/05/18 08:35:00,1684409700,67.93,2.65,60.24,2.14,44.68,3.01
2023/05/18 08:40:01,1684410001,67.93,2.65,60.25,2.14,44.68,3.01
2023/05/18 08:45:00,1684410300,67.94,2.65,60.25,2.14,44.69,3.0
2023/05/18 08:50:01,1684410601,67.94,2.65,60.26,2.14,44.69,3.0
2023/05/18 08:55:00,1684410900,67.95,2.65,60.27,2.14,44.69,3.0
2023/05/18 09:00:01,1684411201,67.95,2.65,60.28,2.13,44.69,3.0
2023/05/18 09:05:00,1684411500,67.95,2.65,60.28,2.13,44.7,3.0
2023/05/18 09:10:01,1684411801,67.96,2.65,60.29,2.13,44.7,3.0
2023/05/18 09:15:00,1684412100,67.96,2.65,60.3,2.13,44.7,2.99
2023/05/18 09:20:01,1684412401,67.97,2.65,60.31,2.13,44.7,2.99
2023/05/18 09:25:00,1684412700,67.97,2.65,60.31,2.13,44.71,2.99
2023/05/18 09:30:01,1684413001,67.97,2.65,60.32,2.13,44.71,2.99
2023/05/18 09:35:00,1684413300,67.98,2.65,60.33,2.13,44.71,2.99
2023/05/18 09:40:00,1684413600,67.98,2.65,60.33,2.13,44.71,2.99
2023/05/18 09:45:01,1684413901,67.99,2.65,60.34,2.13,44.72,2.99
2023/05/18 09:50:00,1684414200,67.99,2.65,60.35,2.13,44.72,2.98
2023/05/18 09:55:01,1684414501,68.0,2.65,60.36,2.12,44.72,2.98
2023/05/18 10:00:00,1684414800,68.0,2.65,60.36,2.12,44.72,2.98
2023/05/18 10:05:01,1684415101,68.01,2.65,60.37,2.12,44.73,2.98
2023/05/18 10:10:00,1684415400,68.01,2.65,60.38,2.12,44.73,2.98
2023/05/18 10:15:01,1684415701,68.01,2.65,60.38,2.12,44.73,2.98
2023/05/18 10:20:00,1684416000,68.02,2.65,60.39,2.12,44.73,2.97
2023/05/18 10:25:00,1684416300,68.02,2.65,60.4,2.12,44.74,2.97
2023/05/18 10:30:00,1684416600,68.03,2.65,60.41,2.12,44.74,2.97
2023/05/18 10:35:00,1684416900,68.03,2.65,60.41,2.12,44.74,2.97
2023/05/18 10:40:01,1684417201,68.04,2.65,60.42,2.12,44.74,2.97
2023/05/18 10:45:00,1684417500,68.04,2.65,60.43,2.12,44.75,2.97
2023/05/18 10:50:01,1684417801,68.04,2.65,60.43,2.11,44.75,2.96
2023/05/18 10:55:00,1684418100,68.05,2.65,60.44,2.11,44.75,2.96
2023/05/18 11:00:01,1684418401,68.05,2.65,60.45,2.11,44.75,2.96
2023/05/18 11:05:00,1684418700,68.06,2.65,60.46,2.11,44.76,2.96
2023/05/18 11:10:01,1684419001,68.06,2.65,60.46,2.11,44.76,2.96
2023/05/18 11:15:00,1684419300,68.07,2.65,60.47,2.11,44.76,2.96
2023/05/18 11:20:01,1684419601,68.07,2.65,60.48,2.11,44.76,2.95
2023/05/18 11:25:00,1684419900,68.07,2.65,60.48,2.11,44.77,2.95
2023/05/18 11:30:01,1684420201,68.08,2.65,60.49,2.11,44.77,2.95
2023/05/18 11:35:00,1684420500,68.08,2.65,60.5,2.11,44.77,2.95
2023/05/18 11:40:00,1684420800,68.09,2.65,60.51,2.11,44.77,2.95
2023/05/18 11:45:01,1684421101,68.09,2.65,60.51,2.1,44.78,2.95
2023/05/18 11:50:00,1684421400,68.1,2.65,60.52,2.1,44.78,2.95
2023/05/18 11:55:01,1684421701,68.1,2.65,60.53,2.1,44.78,2.94
2023/05/18 12:00:00,1684422000,68.1,2.65,60.53,2.1,44.78,2.94
2023/05/18 12:05:01,1684422301,68.11,2.65,60.54,2.1,44.79,2.94
2023/05/18 12:10:00,1684422600,68.11,2.65,60.55,2.1,44.79,2.94
2023/05/18 12:15:00,1684422900,68.12,2.65,60.56,2.1,44.79,2.94
2023/05/18 12:20:01,1684423201,68.12,2.65,60.56,2.1,44.79,2.94
2023/05/18 12:25:00,1684423500,68.13,2.65,60.57,2.1,44.79,2.93
2023/05/18 12:30:01,1684423801,68.13,2.65,60.58,2.1,44.8,2.93
2023/05/18 12:35:00,1684424100,68.14,2.65,60.58,2.1,44.8,2.93
2023/05/18 12:40:00,1684424400,68.14,2.65,60.59,2.1,44.8,2.93
2023/05/18 12:45:00,1684424700,68.14,2.65,60.6,2.1,44.8,2.92
2023/05/18 12:50:00,1684425000,68.15,2.65,60.6,2.1,44.81,2.92
2023/05/18 12:55:00,1684425300,68.15,2.65,60.61,2.1,44.81,2.92
2023/05/18 13:00:01,1684425601,68.16,2.65,60.62,2.09,44.81,2.92
2023/05/18 13:05:00,1684425900,68.16,2.65,60.62,2.09,44.81,2.92
2023/05/18 13:10:01,1684426201,68.17,2.65,60.63,2.09,44.82,2.92
2023/05/18 13:15:00,1684426500,68.17,2.65,60.64,2.09,44.82,2.91
2023/05/18 13:20:01,1684426801,68.18,2.65,60.65,2.09,44.82,2.91
2023/05/18 13:25:00,1684427100,68.18,2.65,60.65,2.09,44.82,2.91
2023/05/18 13:30:00,1684427400,68.19,2.65,60.66,2.09,44.82,2.91
2023/05/18 13:35:01,1684427701,68.19,2.65,60.67,2.09,44.83,2.91
2023/05/18 13:40:00,1684428000,68.2,2.65,60.67,2.09,44.83,2.9
2023/05/18 13:45:01,1684428301,68.2,2.65,60.68,2.09,44.83,2.9
2023/05/18 13:50:00,1684428600,68.21,2.65,60.69,2.09,44.83,2.9
2023/05/18 13:55:01,1684428901,68.21,2.65,60.69,2.09,44.84,2.9
2023/05/18 14:00:00,1684429200,68.21,2.65,60.7,2.09,44.84,2.89
2023/05/18 14:05:01,1684429501,68.22,2.65,60.71,2.09,44.84,2.89
2023/05/18 14:10:00,1684429800,68.22,2.65,60.71,2.09,44.85,2.89
2023/05/18 14:15:00,1684430100,68.23,2.65,60.72,2.09,44.85,2.89
2023/05/18 14:20:00,1684430400,68.23,2.65,60.72,2.08,44.85,2.88
2023/05/18 14:25:00,1684430700,68.24,2.65,60.73,2.08,44.86,2.88
2023/05/18 14:30:01,1684431001,68.24,2.66,60.74,2.08,44.86,2.88
2023/05/18 14:35:00,1684431300,68.25,2.66,60.74,2.08,44.86,2.88
2023/05/18 14:40:01,1684431601,68.25,2.66,60.75,2.08,44.86,2.87
2023/05/18 14:45:00,1684431900,68.26,2.66,60.76,2.08,44.87,2.87
